"","avg_kappa","avg_accuracy","avg_mae","avg_rho","avg_tau"
"1",-0.00374868064836805,0.33121499459579,0.88479696958274,-0.00803407737862359,-0.00705732190368208
