"","avg_kappa","avg_accuracy","avg_mae","avg_rho","avg_tau"
"1",-0.0118952006087124,0.325184116141114,0.894036519415079,-0.0160516605182577,-0.0142833451224446
