"","avg_kappa","avg_accuracy","avg_mae","avg_rho","avg_tau"
"1",-0.0103405127784617,0.326745952811849,0.880959503505869,0.00117552487872927,0.00104227773524201
