"","avg_kappa","avg_accuracy","avg_mae","avg_rho","avg_tau"
"1",-0.0103234500460014,0.326716610358266,0.888010000637067,-0.0165092587170836,-0.0146192047823821
