"","avg_kappa","avg_accuracy","avg_mae","avg_rho","avg_tau"
"1",-0.0188223425406004,0.320954642824445,0.893549895462899,-0.0198016299664524,-0.017545925006513
