"","avg_kappa","avg_accuracy","avg_mae","avg_rho","avg_tau"
"1",-0.00685576203669312,0.329237399143555,0.888676454041462,-0.0139495251241393,-0.0123933311381848
