"","avg_kappa","avg_accuracy","avg_mae","avg_rho","avg_tau"
"1",0.0114825025984521,0.340488897408576,0.878697150876339,-0.000712361175444452,-0.000657628735623723
