"","avg_kappa","avg_accuracy","avg_mae","avg_rho","avg_tau"
"1",0.00548740506455786,0.336712749615975,0.884075780849974,-0.00420813225034399,-0.00372461935999988
