"","avg_kappa","avg_accuracy","avg_mae","avg_rho","avg_tau"
"1",0.0132887035369293,0.341463455062903,0.878714394121586,0.000493520265713679,0.000420587957453945
