"","avg_kappa","avg_accuracy","avg_mae","avg_rho","avg_tau"
"1",0.0123782488021238,0.34141307378896,0.871231717691895,0.013834964918596,0.0124454112827472
