"","avg_kappa","avg_accuracy","avg_mae","avg_rho","avg_tau"
"1",-0.000235015967694915,0.332613257649677,0.885374788847066,-0.0102584150822616,-0.00904829006753816
