"","avg_kappa","avg_accuracy","avg_mae","avg_rho","avg_tau"
"1",0.00794792722682132,0.337796350022852,0.880856302731036,0.00121995475526906,0.00102256877908071
