"","avg_kappa","avg_accuracy","avg_mae","avg_rho","avg_tau"
"1",0.015785796384716,0.344541953763386,0.850871541191935,0.0109554966304102,0.00974740968335534
