"","avg_kappa","avg_accuracy","avg_mae","avg_rho","avg_tau"
"1",0.00766827812318072,0.338299192328523,0.881212567534722,0.000592823894265825,0.000500860759872799
