"","avg_kappa","avg_accuracy","avg_mae","avg_rho","avg_tau"
"1",0.0111565321442315,0.340850334405276,0.878674863246828,0.00253874909413478,0.00226408899623084
