"","avg_kappa","avg_accuracy","avg_mae","avg_rho","avg_tau"
"1",0.00474310310224772,0.336418530056878,0.882073262410095,-0.00663925257742459,-0.00591837352347277
