"","avg_kappa","avg_accuracy","avg_mae","avg_rho","avg_tau"
"1",0.0103712308378026,0.339703102084451,0.883681181313627,-0.000947856369710245,-0.000879775640870971
