"","avg_kappa","avg_accuracy","avg_mae","avg_rho","avg_tau"
"1",0.00533552408413344,0.33684573969695,0.887313343598344,-0.000357133514049298,-0.000283161806403135
