"","avg_kappa","avg_accuracy","avg_mae","avg_rho","avg_tau"
"1",-0.00132781441846844,0.332193234000764,0.888078521940709,0.00229291847422148,0.00198045425129082
