"","avg_kappa","avg_accuracy","avg_mae","avg_rho","avg_tau"
"1",0.00193086303026131,0.334507436217184,0.889966453694997,0.00371276343629934,0.00330364756067209
