"","avg_kappa","avg_accuracy","avg_mae","avg_rho","avg_tau"
"1",0.0001278578211311,0.333032899276229,0.895940771177882,-0.00632361629542764,-0.00561645362142278
