"","avg_kappa","avg_accuracy","avg_mae","avg_rho","avg_tau"
"1",0.00876096246969022,0.339144176625041,0.883672805967477,0.00373030938287349,0.00331237746779463
