"","avg_kappa","avg_accuracy","avg_mae","avg_rho","avg_tau"
"1",0.000998545716667393,0.333858842793598,0.892602926528409,-0.00822636124569809,-0.00738542269871678
