"","avg_kappa","avg_accuracy","avg_mae","avg_rho","avg_tau"
"1",0.00671829844945232,0.338047803111155,0.886183988665693,0.0034247156795793,0.00308145462510218
