"","avg_kappa","avg_accuracy","avg_mae","avg_rho","avg_tau"
"1",0.0120548410073629,0.342698387212841,0.845006340207031,0.0232501508508669,0.0207901815013786
