"","avg_kappa","avg_accuracy","avg_mae","avg_rho","avg_tau"
"1",0.00461880903585119,0.337524275900916,0.85712812691306,0.00152732097430307,0.00142032719036452
