"","avg_kappa","avg_accuracy","avg_mae","avg_rho","avg_tau"
"1",0.00765658963053727,0.340203440968527,0.856375348762272,-0.00415486353413168,-0.00375401809118044
