"","avg_kappa","avg_accuracy","avg_mae","avg_rho","avg_tau"
"1",0.00403801704414915,0.33703311256142,0.861592824851686,-0.00271254754980876,-0.00246094721582298
