"","avg_kappa","avg_accuracy","avg_mae","avg_rho","avg_tau"
"1",0.00413283094000284,0.33717675593224,0.858308620385435,-0.0043043056526132,-0.00385385465783465
