"","avg_kappa","avg_accuracy","avg_mae","avg_rho","avg_tau"
"1",0.0133227992255147,0.344512506380807,0.849055640632976,-0.000962721915377116,-0.000775931038957169
