"","avg_kappa","avg_accuracy","avg_mae","avg_rho","avg_tau"
"1",0.00488674924810447,0.338378310200616,0.822982833840195,0.015050903298969,0.0141932883305796
