"","avg_kappa","avg_accuracy","avg_mae","avg_rho","avg_tau"
"1",-0.00819225845239514,0.328841833179463,0.838595708803056,-0.015380258578561,-0.0145035168466368
