"","avg_kappa","avg_accuracy","avg_mae","avg_rho","avg_tau"
"1",0.00384896960571308,0.337667680238711,0.825223385186488,0.00597453508318654,0.0056371470600713
