"","avg_kappa","avg_accuracy","avg_mae","avg_rho","avg_tau"
"1",-0.000748480561950525,0.333291819468947,0.822972820305486,0.00181825621040373,0.00171482943052782
