"","avg_kappa","avg_accuracy","avg_mae","avg_rho","avg_tau"
"1",0.00933671959141606,0.350588483025985,0.759155136211978,0.00447602627877333,0.00422272804821894
