"","avg_kappa","avg_accuracy","avg_mae","avg_rho","avg_tau"
"1",0.00216196569583213,0.337474591508011,0.81123576282804,0.000937802822157619,0.000886545794971359
